[
  {
    "id": 1,
    "name": "Sao Paulo",
    "acceptedAnswers": ["sao paulo", "são paulo", "san pablo"],
    "lat": -23.5505,
    "lng": -46.6333,
    "hint": "Largest city in South America and Brazil's financial hub",
    "difficulty": "easy"
  },
  {
    "id": 2,
    "name": "Buenos Aires",
    "acceptedAnswers": ["buenos aires"],
    "lat": -34.6037,
    "lng": -58.3816,
    "hint": "Capital of Argentina, known as the Paris of South America",
    "difficulty": "easy"
  },
  {
    "id": 3,
    "name": "Lima",
    "acceptedAnswers": ["lima"],
    "lat": -12.0464,
    "lng": -77.0428,
    "hint": "Capital of Peru, located on the Pacific coast in a desert",
    "difficulty": "easy"
  },
  {
    "id": 4,
    "name": "Bogota",
    "acceptedAnswers": ["bogota", "bogotá"],
    "lat": 4.7110,
    "lng": -74.0721,
    "hint": "Capital of Colombia, one of the highest capital cities in the world",
    "difficulty": "easy"
  },
  {
    "id": 5,
    "name": "Santiago",
    "acceptedAnswers": ["santiago", "santiago de chile"],
    "lat": -33.4489,
    "lng": -70.6693,
    "hint": "Capital of Chile, nestled in a valley between the Andes and the coast",
    "difficulty": "easy"
  },
  {
    "id": 6,
    "name": "Caracas",
    "acceptedAnswers": ["caracas"],
    "lat": 10.4806,
    "lng": -66.9036,
    "hint": "Capital of Venezuela, located in a mountain valley near the Caribbean coast",
    "difficulty": "medium"
  },
  {
    "id": 7,
    "name": "Quito",
    "acceptedAnswers": ["quito"],
    "lat": -0.1807,
    "lng": -78.4678,
    "hint": "Capital of Ecuador, situated almost exactly on the equator at high altitude",
    "difficulty": "medium"
  },
  {
    "id": 8,
    "name": "Montevideo",
    "acceptedAnswers": ["montevideo"],
    "lat": -34.9011,
    "lng": -56.1645,
    "hint": "Capital of Uruguay, on the northern shore of the Rio de la Plata",
    "difficulty": "medium"
  },
  {
    "id": 9,
    "name": "La Paz",
    "acceptedAnswers": ["la paz"],
    "lat": -16.5000,
    "lng": -68.1500,
    "hint": "Administrative capital of Bolivia, highest capital city in the world",
    "difficulty": "medium"
  },
  {
    "id": 10,
    "name": "Brasilia",
    "acceptedAnswers": ["brasilia", "brasília"],
    "lat": -15.7975,
    "lng": -47.8919,
    "hint": "Purpose-built capital of Brazil, designed in the shape of an airplane",
    "difficulty": "medium"
  },
  {
    "id": 11,
    "name": "Medellin",
    "acceptedAnswers": ["medellin", "medellín"],
    "lat": 6.2442,
    "lng": -75.5812,
    "hint": "Second-largest city in Colombia, known as the City of Eternal Spring",
    "difficulty": "medium"
  },
  {
    "id": 12,
    "name": "Rio de Janeiro",
    "acceptedAnswers": ["rio de janeiro", "rio"],
    "lat": -22.9068,
    "lng": -43.1729,
    "hint": "Brazilian city famous for Christ the Redeemer statue and Copacabana Beach",
    "difficulty": "easy"
  },
  {
    "id": 13,
    "name": "Guayaquil",
    "acceptedAnswers": ["guayaquil"],
    "lat": -2.1710,
    "lng": -79.9224,
    "hint": "Ecuador's largest city, a major Pacific port and gateway to the Galapagos Islands",
    "difficulty": "hard"
  },
  {
    "id": 14,
    "name": "Cali",
    "acceptedAnswers": ["cali", "santiago de cali"],
    "lat": 3.4516,
    "lng": -76.5320,
    "hint": "Colombia's third-largest city, known as the world capital of salsa dancing",
    "difficulty": "hard"
  },
  {
    "id": 15,
    "name": "Cordoba",
    "acceptedAnswers": ["cordoba", "córdoba"],
    "lat": -31.4201,
    "lng": -64.1888,
    "hint": "Argentina's second-largest city, a university town at the foothills of the Sierras",
    "difficulty": "hard"
  },
  {
    "id": 16,
    "name": "Recife",
    "acceptedAnswers": ["recife"],
    "lat": -8.0476,
    "lng": -34.8770,
    "hint": "Major coastal city in northeastern Brazil, called the Venice of Brazil for its waterways",
    "difficulty": "hard"
  },
  {
    "id": 17,
    "name": "Salvador",
    "acceptedAnswers": ["salvador", "salvador da bahia"],
    "lat": -12.9714,
    "lng": -38.5124,
    "hint": "Historic city in northeastern Brazil, the first capital of colonial Brazil",
    "difficulty": "hard"
  },
  {
    "id": 18,
    "name": "Fortaleza",
    "acceptedAnswers": ["fortaleza"],
    "lat": -3.7172,
    "lng": -38.5433,
    "hint": "Coastal city in northeastern Brazil, known for beautiful beaches and seafood",
    "difficulty": "hard"
  },
  {
    "id": 19,
    "name": "Belo Horizonte",
    "acceptedAnswers": ["belo horizonte", "bh"],
    "lat": -19.9167,
    "lng": -43.9345,
    "hint": "Brazil's third-largest metro area, a planned city surrounded by mountains in Minas Gerais",
    "difficulty": "hard"
  },
  {
    "id": 20,
    "name": "Asuncion",
    "acceptedAnswers": ["asuncion", "asunción"],
    "lat": -25.2637,
    "lng": -57.5759,
    "hint": "Capital of Paraguay, one of the oldest cities in South America on the Paraguay River",
    "difficulty": "medium"
  },
  {
    "id": 21,
    "name": "Sucre",
    "acceptedAnswers": ["sucre"],
    "lat": -19.0196,
    "lng": -65.2619,
    "hint": "Constitutional capital of Bolivia, known as the White City for its colonial buildings",
    "difficulty": "hard"
  },
  {
    "id": 22,
    "name": "Cusco",
    "acceptedAnswers": ["cusco", "cuzco"],
    "lat": -13.5319,
    "lng": -71.9675,
    "hint": "Former capital of the Inca Empire in Peru, gateway to Machu Picchu",
    "difficulty": "easy"
  },
  {
    "id": 23,
    "name": "Cartagena",
    "acceptedAnswers": ["cartagena", "cartagena de indias"],
    "lat": 10.3910,
    "lng": -75.5364,
    "hint": "Walled colonial city on Colombia's Caribbean coast, a UNESCO World Heritage Site",
    "difficulty": "medium"
  },
  {
    "id": 24,
    "name": "Barranquilla",
    "acceptedAnswers": ["barranquilla"],
    "lat": 10.9685,
    "lng": -74.7813,
    "hint": "Colombia's fourth-largest city, famous for its Carnival second only to Rio's",
    "difficulty": "hard"
  },
  {
    "id": 25,
    "name": "Maracaibo",
    "acceptedAnswers": ["maracaibo"],
    "lat": 10.6544,
    "lng": -71.6295,
    "hint": "Second-largest city in Venezuela, on the shores of oil-rich Lake Maracaibo",
    "difficulty": "hard"
  },
  {
    "id": 26,
    "name": "Manaus",
    "acceptedAnswers": ["manaus"],
    "lat": -3.1190,
    "lng": -60.0217,
    "hint": "Largest city in the Amazon, where the dark Rio Negro meets the sandy Amazon River",
    "difficulty": "medium"
  },
  {
    "id": 27,
    "name": "Porto Alegre",
    "acceptedAnswers": ["porto alegre"],
    "lat": -30.0346,
    "lng": -51.2177,
    "hint": "Capital of Brazil's southernmost state, gateway to gaucho culture and European heritage",
    "difficulty": "hard"
  },
  {
    "id": 28,
    "name": "Curitiba",
    "acceptedAnswers": ["curitiba"],
    "lat": -25.4284,
    "lng": -49.2733,
    "hint": "Brazilian city famous for its innovative urban planning and bus rapid transit system",
    "difficulty": "hard"
  },
  {
    "id": 29,
    "name": "Valparaiso",
    "acceptedAnswers": ["valparaiso", "valparaíso"],
    "lat": -33.0472,
    "lng": -71.6127,
    "hint": "Colorful Chilean port city built on steep hillsides, a UNESCO World Heritage Site",
    "difficulty": "medium"
  },
  {
    "id": 30,
    "name": "Concepcion",
    "acceptedAnswers": ["concepcion", "concepción"],
    "lat": -36.8201,
    "lng": -73.0444,
    "hint": "Chile's second-largest metro area, a university city near the Pacific coast",
    "difficulty": "hard"
  },
  {
    "id": 31,
    "name": "Georgetown",
    "acceptedAnswers": ["georgetown"],
    "lat": 6.8013,
    "lng": -58.1553,
    "hint": "Capital of Guyana, the only English-speaking country in South America",
    "difficulty": "hard"
  },
  {
    "id": 32,
    "name": "Paramaribo",
    "acceptedAnswers": ["paramaribo"],
    "lat": 5.8520,
    "lng": -55.2038,
    "hint": "Capital of Suriname, a UNESCO-listed city with Dutch colonial architecture on the Suriname River",
    "difficulty": "hard"
  },
  {
    "id": 33,
    "name": "Mendoza",
    "acceptedAnswers": ["mendoza"],
    "lat": -32.8895,
    "lng": -68.8458,
    "hint": "Argentine city at the base of the Andes, capital of the country's wine country",
    "difficulty": "medium"
  },
  {
    "id": 34,
    "name": "Santa Cruz de la Sierra",
    "acceptedAnswers": ["santa cruz", "santa cruz de la sierra"],
    "lat": -17.7833,
    "lng": -63.1821,
    "hint": "Bolivia's largest city and economic powerhouse, in the tropical lowlands",
    "difficulty": "hard"
  },
  {
    "id": 35,
    "name": "Arequipa",
    "acceptedAnswers": ["arequipa"],
    "lat": -16.4090,
    "lng": -71.5375,
    "hint": "Peru's White City built from volcanic sillar stone, near the Colca Canyon",
    "difficulty": "hard"
  },
  {
    "id": 36,
    "name": "Rosario",
    "acceptedAnswers": ["rosario"],
    "lat": -32.9468,
    "lng": -60.6393,
    "hint": "Argentina's third-largest city on the Parana River, birthplace of Che Guevara and Messi",
    "difficulty": "hard"
  },
  {
    "id": 37,
    "name": "Belem",
    "acceptedAnswers": ["belem", "belém"],
    "lat": -1.4558,
    "lng": -48.5024,
    "hint": "Brazilian city at the mouth of the Amazon, gateway to the river and its rainforest",
    "difficulty": "hard"
  },
  {
    "id": 38,
    "name": "Iquitos",
    "acceptedAnswers": ["iquitos"],
    "lat": -3.7491,
    "lng": -73.2538,
    "hint": "Largest city in the world unreachable by road, deep in the Peruvian Amazon",
    "difficulty": "hard"
  },
  {
    "id": 39,
    "name": "Punta Arenas",
    "acceptedAnswers": ["punta arenas"],
    "lat": -53.1638,
    "lng": -70.9171,
    "hint": "Southernmost major city in Chile, on the Strait of Magellan facing Tierra del Fuego",
    "difficulty": "hard"
  },
  {
    "id": 40,
    "name": "Ushuaia",
    "acceptedAnswers": ["ushuaia"],
    "lat": -54.8019,
    "lng": -68.3030,
    "hint": "World's southernmost city in Argentina, known as the End of the World",
    "difficulty": "medium"
  },
  {
    "id": 41,
    "name": "Cayenne",
    "acceptedAnswers": ["cayenne"],
    "lat": 4.9372,
    "lng": -52.3260,
    "hint": "Capital of French Guiana, near Europe's spaceport at Kourou",
    "difficulty": "hard"
  },
  {
    "id": 42,
    "name": "Trujillo",
    "acceptedAnswers": ["trujillo"],
    "lat": -8.1091,
    "lng": -79.0215,
    "hint": "Peru's third-largest city, near ancient Moche and Chimu archaeological sites",
    "difficulty": "hard"
  },
  {
    "id": 43,
    "name": "Mar del Plata",
    "acceptedAnswers": ["mar del plata"],
    "lat": -38.0055,
    "lng": -57.5426,
    "hint": "Argentina's most popular beach resort city on the Atlantic coast",
    "difficulty": "hard"
  },
  {
    "id": 44,
    "name": "Florianopolis",
    "acceptedAnswers": ["florianopolis", "florianópolis", "floripa"],
    "lat": -27.5954,
    "lng": -48.5480,
    "hint": "Island capital of Santa Catarina in Brazil, famous for its 42 beaches",
    "difficulty": "hard"
  },
  {
    "id": 45,
    "name": "Potosi",
    "acceptedAnswers": ["potosi", "potosí"],
    "lat": -19.5836,
    "lng": -65.7531,
    "hint": "Historic Bolivian silver mining city, once the richest in the Americas at 4000m altitude",
    "difficulty": "hard"
  },
  {
    "id": 46,
    "name": "Bariloche",
    "acceptedAnswers": ["bariloche", "san carlos de bariloche"],
    "lat": -41.1335,
    "lng": -71.3103,
    "hint": "Argentine Patagonian city known for skiing, chocolate, and a stunning lake district",
    "difficulty": "medium"
  },
  {
    "id": 47,
    "name": "Natal",
    "acceptedAnswers": ["natal"],
    "lat": -5.7945,
    "lng": -35.2110,
    "hint": "Northeastern Brazilian city on the closest point of the Americas to Africa",
    "difficulty": "hard"
  },
  {
    "id": 48,
    "name": "Valencia",
    "acceptedAnswers": ["valencia"],
    "lat": 10.1620,
    "lng": -68.0077,
    "hint": "Venezuela's third-largest city and industrial center in the Carabobo state",
    "difficulty": "hard"
  },
  {
    "id": 49,
    "name": "Maceio",
    "acceptedAnswers": ["maceio", "maceió"],
    "lat": -9.6658,
    "lng": -35.7353,
    "hint": "Capital of Alagoas in northeastern Brazil with crystal-clear turquoise beaches",
    "difficulty": "hard"
  },
  {
    "id": 50,
    "name": "Campinas",
    "acceptedAnswers": ["campinas"],
    "lat": -22.9099,
    "lng": -47.0626,
    "hint": "Major Brazilian tech and university hub in Sao Paulo state, Silicon Valley of Brazil",
    "difficulty": "hard"
  }
]
